sample	custom_content_biotype_counts_mqc_generalstats_custom_content_biotype_counts_percent_r_rna	r_se_qc_mqc_generalstats_rseqc_proper_pairs_percent	samtools_stats_mqc_generalstats_samtools_stats_error_rate	samtools_stats_mqc_generalstats_samtools_stats_non_primary_alignments	samtools_stats_mqc_generalstats_samtools_stats_reads_mapped	samtools_stats_mqc_generalstats_samtools_stats_reads_mapped_percent	samtools_stats_mqc_generalstats_samtools_stats_reads_properly_paired_percent	samtools_stats_mqc_generalstats_samtools_stats_reads_mq0_percent	samtools_stats_mqc_generalstats_samtools_stats_raw_total_sequences	samtools_flagstat_mqc_generalstats_samtools_flagstat_flagstat_total	samtools_flagstat_mqc_generalstats_samtools_flagstat_mapped_passed	samtools_flagstat_mqc_generalstats_samtools_flagstat_mapped_passed_pct	star_mqc_generalstats_star_uniquely_mapped_percent	star_mqc_generalstats_star_uniquely_mapped	umi_tools_dedup_mqc_generalstats_umi_tools_dedup_dedup_output_reads	umi_tools_dedup_mqc_generalstats_umi_tools_dedup_dedup_percent_passing	sort_me_rna_mqc_generalstats_sortmerna_r_rna_pct	fast_qc_raw_mqc_generalstats_fastqc_raw_percent_duplicates	fast_qc_raw_mqc_generalstats_fastqc_raw_percent_gc	fast_qc_raw_mqc_generalstats_fastqc_raw_avg_sequence_length	fast_qc_raw_mqc_generalstats_fastqc_raw_median_sequence_length	fast_qc_raw_mqc_generalstats_fastqc_raw_percent_fails	fast_qc_raw_mqc_generalstats_fastqc_raw_total_sequences	cutadapt_mqc_generalstats_cutadapt_percent_trimmed	fast_qc_trimmed_mqc_generalstats_fastqc_trimmed_percent_duplicates	fast_qc_trimmed_mqc_generalstats_fastqc_trimmed_percent_gc	fast_qc_trimmed_mqc_generalstats_fastqc_trimmed_avg_sequence_length	fast_qc_trimmed_mqc_generalstats_fastqc_trimmed_median_sequence_length	fast_qc_trimmed_mqc_generalstats_fastqc_trimmed_percent_fails	fast_qc_trimmed_mqc_generalstats_fastqc_trimmed_total_sequences	sample_2
K562_GSK2982772_20_24_NONE_A12_50	2.96942041367656e-05	92.8902956692623	0.003144654	2910531	68542145	100	100	0.181031684958211	68542145	71452676	71452676	100	94.99	51782056	35904598	64.01	NA	NA	NA	NA	NA	NA	NA	NA	NA	NA	NA	NA	NA	NA	K562_GSK2982772_20_24_NONE_A12_50
K562_GSK2982772_10_24_NONE_A14_50	2.51996441810242e-05	92.631771252856	0.002991393	4083877	91509640	100	100	0.197782441281596	91509640	95593517	95593517	100	94.6	55356237	48049047	79.8	NA	NA	NA	NA	NA	NA	NA	NA	NA	NA	NA	NA	NA	NA	K562_GSK2982772_10_24_NONE_A14_50
K562_DMSO_0_24_NONE_A16_50	2.7496817047021e-05	93.1573225175657	0.003232976	2331771	57397816	100	100	0.182332721509822	57397816	59729587	59729587	100	95.51	50767444	30003063	54.74	NA	NA	NA	NA	NA	NA	NA	NA	NA	NA	NA	NA	NA	NA	K562_DMSO_0_24_NONE_A16_50
K562_Deucravacitinib_1.25_24_NONE_A18_50	3.38962934038126e-05	92.8454471016983	0.003101511	3715662	86937494	100	100	0.187179308389082	86937494	90653156	90653156	100	95.03	67564820	45555125	62.18	NA	NA	NA	NA	NA	NA	NA	NA	NA	NA	NA	NA	NA	NA	K562_Deucravacitinib_1.25_24_NONE_A18_50
K562_Deucravacitinib_0.625_24_NONE_A20_50	2.92747170552855e-05	93.0510231321984	0.003052063	2587157	61959194	100	100	0.183220588699072	61959194	64546351	64546351	100	95.08	40072959	32426733	74.8	NA	NA	NA	NA	NA	NA	NA	NA	NA	NA	NA	NA	NA	NA	K562_Deucravacitinib_0.625_24_NONE_A20_50
K562_Deucravacitinib_0.312_24_NONE_A22_50	0.000113030415876287	92.8138742557505	0.003187304	4483057	104523900	100	100	0.192028808722216	104523900	109006957	109006957	100	95.04	78138794	54793882	64.63	NA	NA	NA	NA	NA	NA	NA	NA	NA	NA	NA	NA	NA	NA	K562_Deucravacitinib_0.312_24_NONE_A22_50
K562_GSK2982772_0.156_24_NONE_A24_50	2.28949826378189e-05	93.001201026531	0.002967187	4118476	98100748	100	100	0.183898699732646	98100748	102219224	102219224	100	94.94	69467269	51370393	68.31	NA	NA	NA	NA	NA	NA	NA	NA	NA	NA	NA	NA	NA	NA	K562_GSK2982772_0.156_24_NONE_A24_50
K562_Deucravacitinib_0.039_24_NONE_B1_50	1.32363570749811e-05	92.7780643777334	0.002966037	3736302	85759331	100	100	0.192714889531962	85759331	89495633	89495633	100	94.65	53572683	44981469	77.35	NA	NA	NA	NA	NA	NA	NA	NA	NA	NA	NA	NA	NA	NA	K562_Deucravacitinib_0.039_24_NONE_B1_50
K562_cyclosporin_20_24_NONE_B11_50	2.52170031191271e-05	93.5713931172045	0.002922002	2409042	62664808	100	100	0.180654826230378	62664808	65073850	65073850	100	95.58	37544850	32684820	80.87	NA	NA	NA	NA	NA	NA	NA	NA	NA	NA	NA	NA	NA	NA	K562_cyclosporin_20_24_NONE_B11_50
K562_cyclosporin_5_24_NONE_B13_50	6.58039056771602e-05	93.3514211625335	0.002779929	3000559	75517800	100	100	0.181452584688643	75517800	78518359	78518359	100	95.5	45783538	39443328	79.84	NA	NA	NA	NA	NA	NA	NA	NA	NA	NA	NA	NA	NA	NA	K562_cyclosporin_5_24_NONE_B13_50
K562_cyclosporin_1.25_24_NONE_B15_50	1.50373582489327e-05	93.3560023893475	0.003161209	2376585	60020367	100	100	0.178247827108421	60020367	62396952	62396952	100	95.36	40615090	31345768	71.55	NA	NA	NA	NA	NA	NA	NA	NA	NA	NA	NA	NA	NA	NA	K562_cyclosporin_1.25_24_NONE_B15_50
K562_cyclosporin_0.312_24_NONE_B17_50	3.48015220160914e-05	93.163987986082	0.002960647	2945386	71647432	100	100	0.186154613329337	71647432	74592818	74592818	100	95.11	41834391	37479710	82.85	NA	NA	NA	NA	NA	NA	NA	NA	NA	NA	NA	NA	NA	NA	K562_cyclosporin_0.312_24_NONE_B17_50
K562_cyclosporin_0.039_24_NONE_B19_50	0.000573939058546617	91.9598582322342	0.003094057	3872806	74654777	100	100	0.344620947699033	74654777	78527583	78527583	100	95.1	50420746	39465244	71.58	NA	NA	NA	NA	NA	NA	NA	NA	NA	NA	NA	NA	NA	NA	K562_cyclosporin_0.039_24_NONE_B19_50
K562_rapamycin_20_24_NONE_B3_50	2.43283591686027e-05	93.0672376305274	0.002957295	2727843	65325968	100	100	0.190383707746971	65325968	68053811	68053811	100	95.27	38231530	34201470	82.6	NA	NA	NA	NA	NA	NA	NA	NA	NA	NA	NA	NA	NA	NA	K562_rapamycin_20_24_NONE_B3_50
K562_rapamycin_5_24_NONE_B5_50	1.76687352436613e-05	93.2705867363742	0.003009954	3016008	76036991	100	100	0.16293911472641	76036991	79052999	79052999	100	95.51	48782456	39734009	75.34	NA	NA	NA	NA	NA	NA	NA	NA	NA	NA	NA	NA	NA	NA	K562_rapamycin_5_24_NONE_B5_50
K562_rapamycin_1.25_24_NONE_B7_50	0.000299210798678276	92.8635538988425	0.002977863	2677665	61606517	100	100	0.207875734964858	61606517	64284182	64284182	100	95.2	38250620	32300437	77.89	NA	NA	NA	NA	NA	NA	NA	NA	NA	NA	NA	NA	NA	NA	K562_rapamycin_1.25_24_NONE_B7_50
K562_rapamycin_0.0781_24_NONE_B9_50	0.000161535722009565	93.4010667717051	0.002998569	1835416	46913721	100	100	0.160577755066583	46913721	48749137	48749137	100	95.43	29245281	24488863	77.66	NA	NA	NA	NA	NA	NA	NA	NA	NA	NA	NA	NA	NA	NA	K562_rapamycin_0.0781_24_NONE_B9_50
K562_GSK2982772_20_24_NONE_C12_50	3.14325247421119e-05	92.8651414272949	0.003014281	2785657	64913050	100	100	0.184264951346455	64913050	67698707	67698707	100	94.91	42455875	34016063	73.91	NA	NA	NA	NA	NA	NA	NA	NA	NA	NA	NA	NA	NA	NA	K562_GSK2982772_20_24_NONE_C12_50
K562_DMSO_0_24_NONE_C14_50	1.67114847799108e-05	93.2237218402902	0.003108326	2178729	53906144	100	100	0.174566372248774	53906144	56084873	56084873	100	95.44	40133564	28174984	65.04	NA	NA	NA	NA	NA	NA	NA	NA	NA	NA	NA	NA	NA	NA	K562_DMSO_0_24_NONE_C14_50
K562_Deucravacitinib_2.5_24_NONE_C16_50	3.09953365036603e-05	92.298077607638	0.003090028	3476856	73832648	100	100	0.20707641421719	73832648	77309504	77309504	100	93.92	52333770	38839241	68.14	NA	NA	NA	NA	NA	NA	NA	NA	NA	NA	NA	NA	NA	NA	K562_Deucravacitinib_2.5_24_NONE_C16_50
K562_Deucravacitinib_1.25_24_NONE_C18_50	4.91840553277803e-05	92.6892428537643	0.003031919	3462961	78335174	100	100	0.191149125423529	78335174	81798135	81798135	100	94.41	51379890	41098412	73.66	NA	NA	NA	NA	NA	NA	NA	NA	NA	NA	NA	NA	NA	NA	K562_Deucravacitinib_1.25_24_NONE_C18_50
K562_Deucravacitinib_0.625_24_NONE_C20_50	0.000133826183776856	93.1220375776049	0.003032818	1886421	45688032	100	100	0.176289055304461	45688032	47574453	47574453	100	95.1	31115699	23897448	71.09	NA	NA	NA	NA	NA	NA	NA	NA	NA	NA	NA	NA	NA	NA	K562_Deucravacitinib_0.625_24_NONE_C20_50
K562_GSK2982772_0.312_24_NONE_C22_50	1.21511889816907e-05	93.0937751266301	0.003019274	2365264	56669463	100	100	0.187916021014704	56669463	59034727	59034727	100	95.22	36539487	29657544	75.06	NA	NA	NA	NA	NA	NA	NA	NA	NA	NA	NA	NA	NA	NA	K562_GSK2982772_0.312_24_NONE_C22_50
K562_GSK2982772_0.156_24_NONE_C24_50	2.6869586680934e-05	92.7752994370345	0.003146845	2965925	67784592	100	100	0.199750409355566	67784592	70750517	70750517	100	94.88	53838336	35543781	60.89	NA	NA	NA	NA	NA	NA	NA	NA	NA	NA	NA	NA	NA	NA	K562_GSK2982772_0.156_24_NONE_C24_50
K562_Deucravacitinib_0.039_24_NONE_D1_50	3.63766768511257e-05	93.0608840559147	0.002849667	3099365	74738879	100	100	0.175618100988643	74738879	77838244	77838244	100	95.03	44642102	39116459	80.94	NA	NA	NA	NA	NA	NA	NA	NA	NA	NA	NA	NA	NA	NA	K562_Deucravacitinib_0.039_24_NONE_D1_50
K562_DMSO_0_24_NONE_D13_50	2.36883819078833e-05	93.3101736578483	0.003030632	2636280	66350294	100	100	0.173330053367962	66350294	68986574	68986574	100	95.41	42330624	34667378	75.83	NA	NA	NA	NA	NA	NA	NA	NA	NA	NA	NA	NA	NA	NA	K562_DMSO_0_24_NONE_D13_50
K562_DMSO_0_24_NONE_D15_50	1.18580292702409e-05	93.3494295459877	0.002934274	2988960	75704500	100	100	0.172506257884274	75704500	78693460	78693460	100	95.48	46035402	39545764	79.56	NA	NA	NA	NA	NA	NA	NA	NA	NA	NA	NA	NA	NA	NA	K562_DMSO_0_24_NONE_D15_50
K562_cyclosporin_0.156_24_NONE_D17_50	2.67897976796208e-05	93.4921103508945	0.003121934	2236996	58333315	100	100	0.163923480090237	58333315	60570311	60570311	100	95.54	38161067	30431569	73.98	NA	NA	NA	NA	NA	NA	NA	NA	NA	NA	NA	NA	NA	NA	K562_cyclosporin_0.156_24_NONE_D17_50
K562_cyclosporin_0.039_24_NONE_D19_50	1.52794817370925e-05	93.3824815679336	0.003045999	2871981	73220274	100	100	0.173555755882585	73220274	76092255	76092255	100	95.53	49444440	38237322	71.69	NA	NA	NA	NA	NA	NA	NA	NA	NA	NA	NA	NA	NA	NA	K562_cyclosporin_0.039_24_NONE_D19_50
K562_DMSO_0_24_NONE_D3_50	3.48481272151793e-05	93.4773887073239	0.003101965	2195731	57159500	100	100	0.165158897471112	57159500	59355231	59355231	100	95.58	42102368	29823194	65.76	NA	NA	NA	NA	NA	NA	NA	NA	NA	NA	NA	NA	NA	NA	K562_DMSO_0_24_NONE_D3_50
K562_DMSO_0_24_NONE_D5_50	3.07125548180713e-05	93.6627339037253	0.003116048	2398944	64769610	100	100	0.158562016970613	64769610	67168554	67168554	100	95.79	45329176	33752504	69.16	NA	NA	NA	NA	NA	NA	NA	NA	NA	NA	NA	NA	NA	NA	K562_DMSO_0_24_NONE_D5_50
K562_DMSO_0_24_NONE_D7_50	5.5037958500593e-05	93.4301952776133	0.003046293	2194871	56397662	100	100	0.166631020980976	56397662	58592533	58592533	100	95.52	37953704	29438745	71.96	NA	NA	NA	NA	NA	NA	NA	NA	NA	NA	NA	NA	NA	NA	K562_DMSO_0_24_NONE_D7_50
K562_rapamycin_0.0781_24_NONE_D9_50	9.67813016666979e-05	93.4182388961482	0.003009827	2224483	57501796	100	100	0.157695943966689	57501796	59726279	59726279	100	95.65	37757893	30015129	73.68	NA	NA	NA	NA	NA	NA	NA	NA	NA	NA	NA	NA	NA	NA	K562_rapamycin_0.0781_24_NONE_D9_50
K562_DMSO_0_24_NONE_E12_50	4.20503837185119e-05	92.745635168309	0.003040849	2860640	64922386	100	100	0.196229694946825	64922386	67783026	67783026	100	94.68	42190084	34058682	74.38	NA	NA	NA	NA	NA	NA	NA	NA	NA	NA	NA	NA	NA	NA	K562_DMSO_0_24_NONE_E12_50
K562_Deucravacitinib_5_24_NONE_E14_50	6.83222958095101e-05	92.871149193556	0.003092319	2830047	66113239	100	100	0.180994006359301	66113239	68943286	68943286	100	94.8	48664663	34630408	65.67	NA	NA	NA	NA	NA	NA	NA	NA	NA	NA	NA	NA	NA	NA	K562_Deucravacitinib_5_24_NONE_E14_50
K562_Deucravacitinib_2.5_24_NONE_E16_50	2.80519810221335e-05	92.9898480538377	0.00302058	2701339	64349647	100	100	0.181463310902078	64349647	67050986	67050986	100	95.15	49357745	33683226	63.07	NA	NA	NA	NA	NA	NA	NA	NA	NA	NA	NA	NA	NA	NA	K562_Deucravacitinib_2.5_24_NONE_E16_50
K562_Deucravacitinib_1.25_24_NONE_E18_50	4.8621408474685e-05	92.3455424313781	0.003019277	4883113	104276575	100	100	0.210600511188635	104276575	109159688	109159688	100	93.95	64638469	54860534	77.82	NA	NA	NA	NA	NA	NA	NA	NA	NA	NA	NA	NA	NA	NA	K562_Deucravacitinib_1.25_24_NONE_E18_50
K562_GSK2982772_0.625_24_NONE_E20_50	3.75588236906938e-05	92.5552691230518	0.003033347	2752936	60615493	100	100	0.200498245555802	60615493	63368429	63368429	100	94.19	41496606	31834680	70.61	NA	NA	NA	NA	NA	NA	NA	NA	NA	NA	NA	NA	NA	NA	K562_GSK2982772_0.625_24_NONE_E20_50
K562_GSK2982772_0.312_24_NONE_E22_50	6.2796122967368e-05	93.0825130932558	0.003008896	2071852	50006295	100	100	0.172608268618981	50006295	52078147	52078147	100	94.93	34577953	26161546	69.99	NA	NA	NA	NA	NA	NA	NA	NA	NA	NA	NA	NA	NA	NA	K562_GSK2982772_0.312_24_NONE_E22_50
K562_Deucravacitinib_0.0781_24_NONE_E24_50	5.12868766319484e-05	92.7668181643916	0.003017773	2901242	66219708	100	100	0.193075451193472	66219708	69120950	69120950	100	94.47	45433369	34723977	70.45	NA	NA	NA	NA	NA	NA	NA	NA	NA	NA	NA	NA	NA	NA	K562_Deucravacitinib_0.0781_24_NONE_E24_50
K562_Deucravacitinib_0.039_24_NONE_F1_50	1.48486328511079e-05	93.2780181098067	0.003005792	2448583	60889255	100	100	0.176173940705959	60889255	63337838	63337838	100	95.24	35119109	31825406	83.88	NA	NA	NA	NA	NA	NA	NA	NA	NA	NA	NA	NA	NA	NA	K562_Deucravacitinib_0.039_24_NONE_F1_50
K562_cyclosporin_10_24_NONE_F11_50	2.061567688225e-05	93.6042616767067	0.003001824	2472174	65254221	100	100	0.167727080827461	65254221	67726395	67726395	100	95.62	40962378	34013529	77.19	NA	NA	NA	NA	NA	NA	NA	NA	NA	NA	NA	NA	NA	NA	K562_cyclosporin_10_24_NONE_F11_50
K562_cyclosporin_0.625_24_NONE_F15_50	2.83966431760169e-05	93.5186589695408	0.003096475	2432111	63170038	100	100	0.1786147413747	63170038	65602149	65602149	100	95.75	44136423	32954694	69.33	NA	NA	NA	NA	NA	NA	NA	NA	NA	NA	NA	NA	NA	NA	K562_cyclosporin_0.625_24_NONE_F15_50
K562_cyclosporin_0.156_24_NONE_F17_50	0.000214352924668096	92.7996271021114	0.003019409	3105984	70072226	100	100	0.234605077338345	70072226	73178210	73178210	100	95.28	43946957	36774124	77.12	NA	NA	NA	NA	NA	NA	NA	NA	NA	NA	NA	NA	NA	NA	K562_cyclosporin_0.156_24_NONE_F17_50
K562_rapamycin_10_24_NONE_F3_50	8.9893035378273e-06	93.1594804531291	0.002899699	3029798	74573518	100	100	0.168767685064824	74573518	77603316	77603316	100	95.34	42442959	39003842	84.89	NA	NA	NA	NA	NA	NA	NA	NA	NA	NA	NA	NA	NA	NA	K562_rapamycin_10_24_NONE_F3_50
K562_rapamycin_2.5_24_NONE_F5_50	1.99127027113136e-05	93.1824259563136	0.002967367	2738843	67438950	100	100	0.171374257754606	67438950	70177793	70177793	100	95.25	39880704	35270514	81.74	NA	NA	NA	NA	NA	NA	NA	NA	NA	NA	NA	NA	NA	NA	K562_rapamycin_2.5_24_NONE_F5_50
K562_rapamycin_0.312_24_NONE_F7_50	4.74196419452267e-05	93.3004936379065	0.003239282	2428263	61170378	100	100	0.173907704150529	61170378	63598641	63598641	100	95.53	42128082	31956716	70.22	NA	NA	NA	NA	NA	NA	NA	NA	NA	NA	NA	NA	NA	NA	K562_rapamycin_0.312_24_NONE_F7_50
K562_rapamycin_0.0781_24_NONE_F9_50	2.5886148503139e-05	93.3230905211383	0.003085141	2396232	60648954	100	100	0.167979813798602	60648954	63045186	63045186	100	95.6	39549804	31679652	74.17	NA	NA	NA	NA	NA	NA	NA	NA	NA	NA	NA	NA	NA	NA	K562_rapamycin_0.0781_24_NONE_F9_50
K562_Deucravacitinib_10_24_NONE_G12_50	5.6245989882945e-05	92.7342658525329	0.003017635	3355536	76645891	100	100	0.184369961854837	76645891	80001427	80001427	100	94.65	49307595	40189700	75.1	NA	NA	NA	NA	NA	NA	NA	NA	NA	NA	NA	NA	NA	NA	K562_Deucravacitinib_10_24_NONE_G12_50
K562_Deucravacitinib_5_24_NONE_G14_50	3.65476237465992e-05	92.4186536636333	0.00298219	3770396	81342257	100	100	0.202887166015076	81342257	85112653	85112653	100	93.87	50379124	42755503	77.91	NA	NA	NA	NA	NA	NA	NA	NA	NA	NA	NA	NA	NA	NA	K562_Deucravacitinib_5_24_NONE_G14_50
K562_Deucravacitinib_2.5_24_NONE_G16_50	2.74222003895803e-05	92.7228029742212	0.003018484	2936334	66530591	100	100	0.197204020027419	66530591	69466925	69466925	100	94.63	44384222	34898708	72.44	NA	NA	NA	NA	NA	NA	NA	NA	NA	NA	NA	NA	NA	NA	K562_Deucravacitinib_2.5_24_NONE_G16_50
K562_GSK2982772_1.25_24_NONE_G18_50	3.907865149161e-05	92.2476181888456	0.00302424	4201639	88311258	100	100	0.215534241398758	88311258	92512897	92512897	100	93.64	56348437	46487353	75.61	NA	NA	NA	NA	NA	NA	NA	NA	NA	NA	NA	NA	NA	NA	K562_GSK2982772_1.25_24_NONE_G18_50
K562_GSK2982772_0.625_24_NONE_G20_50	1.78174052708695e-05	92.3625269523377	0.003189043	2448889	51736114	100	100	0.216444551672358	51736114	54185003	54185003	100	93.72	28961815	27215620	86.24	NA	NA	NA	NA	NA	NA	NA	NA	NA	NA	NA	NA	NA	NA	K562_GSK2982772_0.625_24_NONE_G20_50
K562_GSK2982772_0.312_24_NONE_G22_50	1.54611432866092e-05	92.6741132748319	0.003010884	3356969	74680260	100	100	0.209242710188743	74680260	78037229	78037229	100	94.59	43772515	39208722	82.42	NA	NA	NA	NA	NA	NA	NA	NA	NA	NA	NA	NA	NA	NA	K562_GSK2982772_0.312_24_NONE_G22_50
K562_GSK2982772_0.039_24_NONE_H1_50	3.51750926575895e-05	92.5955798896081	0.002967857	3288936	72377138	100	100	0.212673510245735	72377138	75666074	75666074	100	94.36	41627613	38023839	83.95	NA	NA	NA	NA	NA	NA	NA	NA	NA	NA	NA	NA	NA	NA	K562_GSK2982772_0.039_24_NONE_H1_50
K562_cyclosporin_10_24_NONE_H11_50	2.83683749482159e-05	93.2486655081325	0.002875426	2915540	71969892	100	100	0.183076556513382	71969892	74885432	74885432	100	95.26	43484626	37610674	80.09	NA	NA	NA	NA	NA	NA	NA	NA	NA	NA	NA	NA	NA	NA	K562_cyclosporin_10_24_NONE_H11_50
K562_cyclosporin_2.5_24_NONE_H13_50	5.80671058999185e-05	93.0403572848526	0.002970958	2764732	65700751	100	100	0.197058630273496	65700751	68465483	68465483	100	95.02	41197273	34400718	77.19	NA	NA	NA	NA	NA	NA	NA	NA	NA	NA	NA	NA	NA	NA	K562_cyclosporin_2.5_24_NONE_H13_50
K562_cyclosporin_0.625_24_NONE_H15_50	8.96368988501379e-05	93.2860778969567	0.003083389	2400121	60004833	100	100	0.175855834812506	60004833	62404954	62404954	100	95.35	42189507	31348299	68.89	NA	NA	NA	NA	NA	NA	NA	NA	NA	NA	NA	NA	NA	NA	K562_cyclosporin_0.625_24_NONE_H15_50
K562_cyclosporin_0.156_24_NONE_H17_50	4.89709369731798e-05	93.1833124063689	0.002955931	2639320	64393017	100	100	0.18326366040591	64393017	67032337	67032337	100	95.11	37707331	33678603	82.61	NA	NA	NA	NA	NA	NA	NA	NA	NA	NA	NA	NA	NA	NA	K562_cyclosporin_0.156_24_NONE_H17_50
K562_rapamycin_10_24_NONE_H3_50	2.98853709241491e-05	92.910554868828	0.003000582	2621261	60894147	100	100	0.198997778883412	60894147	63515408	63515408	100	95.13	35970303	31915728	81.83	NA	NA	NA	NA	NA	NA	NA	NA	NA	NA	NA	NA	NA	NA	K562_rapamycin_10_24_NONE_H3_50
K562_rapamycin_2.5_24_NONE_H5_50	3.93194897273901e-05	92.8043118422539	0.002937162	3019655	69144395	100	100	0.198817272173688	69144395	72164050	72164050	100	94.92	40349808	36270421	82.79	NA	NA	NA	NA	NA	NA	NA	NA	NA	NA	NA	NA	NA	NA	K562_rapamycin_2.5_24_NONE_H5_50
K562_rapamycin_0.312_24_NONE_H7_50	4.40130519825393e-05	92.8992605939378	0.003019754	2214925	51479793	100	100	0.193322455667217	51479793	53694718	53694718	100	94.9	29481073	26978201	84.39	NA	NA	NA	NA	NA	NA	NA	NA	NA	NA	NA	NA	NA	NA	K562_rapamycin_0.312_24_NONE_H7_50
K562_rapamycin_0.039_24_NONE_H9_50	6.22906471908268e-05	92.7873889906861	0.002966353	2855123	65472477	100	100	0.194565725686535	65472477	68327600	68327600	100	94.91	42009996	34336042	75.34	NA	NA	NA	NA	NA	NA	NA	NA	NA	NA	NA	NA	NA	NA	K562_rapamycin_0.039_24_NONE_H9_50
K562_Deucravacitinib_20_24_NONE_I10_50	7.44638390832182e-05	92.4596516220365	0.003373083	3936945	85985505	100	100	0.196738973621193	85985505	89922450	89922450	100	94.18	57388693	45169501	72.3	NA	NA	NA	NA	NA	NA	NA	NA	NA	NA	NA	NA	NA	NA	K562_Deucravacitinib_20_24_NONE_I10_50
K562_Deucravacitinib_10_24_NONE_I12_50	2.52927710514263e-05	92.5476992400129	0.003025528	2855215	62786030	100	100	0.198900933854235	62786030	65641245	65641245	100	94.37	39803005	32968098	76.23	NA	NA	NA	NA	NA	NA	NA	NA	NA	NA	NA	NA	NA	NA	K562_Deucravacitinib_10_24_NONE_I12_50
K562_Deucravacitinib_5_24_NONE_I14_50	5.13749424472207e-05	92.6917143511137	0.003003872	2953365	66645324	100	100	0.194628808466743	66645324	69598689	69598689	100	94.59	44003092	34964208	73.17	NA	NA	NA	NA	NA	NA	NA	NA	NA	NA	NA	NA	NA	NA	K562_Deucravacitinib_5_24_NONE_I14_50
K562_GSK2982772_2.5_24_NONE_I16_50	2.40724291247506e-05	92.6946903824953	0.00297027	3790724	85492487	100	100	0.197858321749372	85492487	89283211	89283211	100	94.61	53679270	44864354	76.94	NA	NA	NA	NA	NA	NA	NA	NA	NA	NA	NA	NA	NA	NA	K562_GSK2982772_2.5_24_NONE_I16_50
K562_GSK2982772_1.25_24_NONE_I18_50	4.71525319442686e-05	92.4578931294281	0.00300419	4020874	87161870	100	100	0.204678949637037	87161870	91182744	91182744	100	94.01	56978034	45813685	73.91	NA	NA	NA	NA	NA	NA	NA	NA	NA	NA	NA	NA	NA	NA	K562_GSK2982772_1.25_24_NONE_I18_50
K562_GSK2982772_0.625_24_NONE_I20_50	0.000120800837069267	92.4048093815504	0.003261809	2119514	45854305	100	100	0.209875604918666	45854305	47973819	47973819	100	94.46	44019629	24088601	50.41	NA	NA	NA	NA	NA	NA	NA	NA	NA	NA	NA	NA	NA	NA	K562_GSK2982772_0.625_24_NONE_I20_50
K562_Deucravacitinib_0.156_24_NONE_I22_50	3.32728684651822e-05	92.8292401817376	0.00303017	3248612	74872161	100	100	0.19066632790257	74872161	78120773	78120773	100	94.58	46961881	39250693	77.08	NA	NA	NA	NA	NA	NA	NA	NA	NA	NA	NA	NA	NA	NA	K562_Deucravacitinib_0.156_24_NONE_I22_50
K562_Deucravacitinib_0.0781_24_NONE_I24_50	3.47377275516554e-05	92.9781862128925	0.003146874	2731074	65137288	100	100	0.187520855949667	65137288	67868362	67868362	100	95.2	59329034	34091842	53.12	NA	NA	NA	NA	NA	NA	NA	NA	NA	NA	NA	NA	NA	NA	K562_Deucravacitinib_0.0781_24_NONE_I24_50
K562_GSK2982772_0.039_24_NONE_J1_50	1.34665017738413e-05	93.3014278919654	0.003042812	2681775	66974055	100	100	0.176681850904802	66974055	69655830	69655830	100	95.22	39847438	34998149	81.29	NA	NA	NA	NA	NA	NA	NA	NA	NA	NA	NA	NA	NA	NA	K562_GSK2982772_0.039_24_NONE_J1_50
K562_cyclosporin_10_24_NONE_J11_50	4.66518120120019e-05	92.958838546179	0.003004006	2702365	63335973	100	100	0.195130814521473	63335973	66038338	66038338	100	94.89	39875636	33164152	76.85	NA	NA	NA	NA	NA	NA	NA	NA	NA	NA	NA	NA	NA	NA	K562_cyclosporin_10_24_NONE_J11_50
K562_cyclosporin_2.5_24_NONE_J13_50	2.30586815313381e-05	93.475968455462	0.003153492	1892464	48583089	100	100	0.17566194689679	48583089	50475553	50475553	100	95.24	30119354	25353743	78.12	NA	NA	NA	NA	NA	NA	NA	NA	NA	NA	NA	NA	NA	NA	K562_cyclosporin_2.5_24_NONE_J13_50
K562_cyclosporin_0.625_24_NONE_J15_50	2.21729012430382e-05	93.3356696411854	0.003038468	2815387	70890653	100	100	0.178792259114893	70890653	73706040	73706040	100	95.3	44615050	37034488	76.89	NA	NA	NA	NA	NA	NA	NA	NA	NA	NA	NA	NA	NA	NA	K562_cyclosporin_0.625_24_NONE_J15_50
K562_cyclosporin_0.0781_24_NONE_J17_50	2.68599770259901e-05	93.1349053058313	0.003087962	2737867	66766360	100	100	0.185049776564126	66766360	69504227	69504227	100	95.09	45376228	34920900	71.2	NA	NA	NA	NA	NA	NA	NA	NA	NA	NA	NA	NA	NA	NA	K562_cyclosporin_0.0781_24_NONE_J17_50
K562_rapamycin_10_24_NONE_J3_50	1.66867345508058e-05	93.2334716082746	0.003160006	2160294	53759696	100	100	0.168014342938249	53759696	55919990	55919990	100	95.3	35468826	28096410	73.31	NA	NA	NA	NA	NA	NA	NA	NA	NA	NA	NA	NA	NA	NA	K562_rapamycin_10_24_NONE_J3_50
K562_rapamycin_2.5_24_NONE_J5_50	4.30404933090923e-05	93.4014435519241	0.003072049	1822964	46525141	100	100	0.166209061032185	46525141	48348105	48348105	100	95.4	29584526	24289626	76.13	NA	NA	NA	NA	NA	NA	NA	NA	NA	NA	NA	NA	NA	NA	K562_rapamycin_2.5_24_NONE_J5_50
K562_rapamycin_0.312_24_NONE_J7_50	0.000103932757335221	93.2822573838293	0.003138645	2162492	54054443	100	100	0.170113675947045	54054443	56216935	56216935	100	95.32	33518740	28245229	77.98	NA	NA	NA	NA	NA	NA	NA	NA	NA	NA	NA	NA	NA	NA	K562_rapamycin_0.312_24_NONE_J7_50
K562_rapamycin_0.039_24_NONE_J9_50	2.28491617537478e-05	92.9430644811642	0.003093333	2508770	59138442	100	100	0.191444001855849	59138442	61647212	61647212	100	95.12	38616573	30977428	74.03	NA	NA	NA	NA	NA	NA	NA	NA	NA	NA	NA	NA	NA	NA	K562_rapamycin_0.039_24_NONE_J9_50
K562_Deucravacitinib_20_24_NONE_K10_50	2.57517235700118e-05	92.5754703898855	0.00302931	3559495	79449252	100	100	0.186506475857067	79449252	83008747	83008747	100	94.52	52671581	41693291	72.84	NA	NA	NA	NA	NA	NA	NA	NA	NA	NA	NA	NA	NA	NA	K562_Deucravacitinib_20_24_NONE_K10_50
K562_Deucravacitinib_10_24_NONE_K12_50	3.16002229367001e-05	92.533471332086	0.00304167	3614452	79586300	100	100	0.204659595935481	79586300	83200752	83200752	100	94.45	55299022	41795836	69.5	NA	NA	NA	NA	NA	NA	NA	NA	NA	NA	NA	NA	NA	NA	K562_Deucravacitinib_10_24_NONE_K12_50
K562_GSK2982772_5_24_NONE_K14_50	3.65552111479259e-05	92.6469792352701	0.002977782	3335027	74676775	100	100	0.196200224233036	74676775	78011802	78011802	100	94.53	48207663	39198135	74.8	NA	NA	NA	NA	NA	NA	NA	NA	NA	NA	NA	NA	NA	NA	K562_GSK2982772_5_24_NONE_K14_50
K562_GSK2982772_2.5_24_NONE_K16_50	3.01065267446678e-05	92.5070490431888	0.002981888	3822512	83617724	100	100	0.205591580081754	83617724	87440236	87440236	100	94.24	52771534	43940571	76.5	NA	NA	NA	NA	NA	NA	NA	NA	NA	NA	NA	NA	NA	NA	K562_GSK2982772_2.5_24_NONE_K16_50
K562_GSK2982772_1.25_24_NONE_K18_50	4.97327056529082e-05	91.8722085643885	0.002993124	4918524	97766542	100	100	0.226764694203872	97766542	102685066	102685066	100	93.11	66348800	51592418	71	NA	NA	NA	NA	NA	NA	NA	NA	NA	NA	NA	NA	NA	NA	K562_GSK2982772_1.25_24_NONE_K18_50
K562_DMSO_0_24_NONE_K20_50	5.23459025616619e-05	92.0950522593714	0.003110958	3189547	65613615	100	100	0.217835886652488	65613615	68803162	68803162	100	93.04	55746626	34555348	56.67	NA	NA	NA	NA	NA	NA	NA	NA	NA	NA	NA	NA	NA	NA	K562_DMSO_0_24_NONE_K20_50
K562_Deucravacitinib_0.156_24_NONE_K22_50	1.6473937160606e-05	92.6899341361446	0.002996521	3655551	82455260	100	100	0.195918368336962	82455260	86110811	86110811	100	94.45	52718739	43270120	75.55	NA	NA	NA	NA	NA	NA	NA	NA	NA	NA	NA	NA	NA	NA	K562_Deucravacitinib_0.156_24_NONE_K22_50
K562_GSK2982772_0.0781_24_NONE_K24_50	4.08228032913361e-05	92.7043220666236	0.003034942	4220576	95451025	100	100	0.20220107641589	95451025	99671601	99671601	100	94.75	73967304	50080175	62.37	NA	NA	NA	NA	NA	NA	NA	NA	NA	NA	NA	NA	NA	NA	K562_GSK2982772_0.0781_24_NONE_K24_50
K562_GSK2982772_0.039_24_NONE_L1_50	2.59021443464339e-05	93.2140587807955	0.003009576	3169842	78378595	100	100	0.182574081609909	78378595	81548437	81548437	100	95.26	47569521	40986846	79.65	NA	NA	NA	NA	NA	NA	NA	NA	NA	NA	NA	NA	NA	NA	K562_GSK2982772_0.039_24_NONE_L1_50
K562_DMSO_0_24_NONE_L11_50	1.78453018620252e-05	93.4319935557668	0.002975615	2444971	62621576	100	100	0.168895461845291	62621576	65066547	65066547	100	95.42	39692502	32692769	76.4	NA	NA	NA	NA	NA	NA	NA	NA	NA	NA	NA	NA	NA	NA	K562_DMSO_0_24_NONE_L11_50
K562_DMSO_0_24_NONE_L13_50	2.65347394799377e-05	93.0444038301269	0.002916055	3563038	85232140	100	100	0.188814923572258	85232140	88795178	88795178	100	95.13	50176946	44626739	82.1	NA	NA	NA	NA	NA	NA	NA	NA	NA	NA	NA	NA	NA	NA	K562_DMSO_0_24_NONE_L13_50
K562_DMSO_0_24_NONE_L15_50	3.38332041772452e-05	93.2909838153701	0.002996889	3442412	86233225	100	100	0.1775881627992	86233225	89675637	89675637	100	95.38	52984588	45067807	78.71	NA	NA	NA	NA	NA	NA	NA	NA	NA	NA	NA	NA	NA	NA	K562_DMSO_0_24_NONE_L15_50
K562_cyclosporin_0.0781_24_NONE_L17_50	7.23085640708651e-06	93.4886827693973	0.003055345	2373914	61852046	100	100	0.170204555561509	61852046	64225960	64225960	100	95.66	44007132	32270586	68.06	NA	NA	NA	NA	NA	NA	NA	NA	NA	NA	NA	NA	NA	NA	K562_cyclosporin_0.0781_24_NONE_L17_50
K562_DMSO_0_24_NONE_L3_50	4.0093647658073e-05	93.4487712638398	0.003058639	2752767	71717614	100	100	0.160404109372629	71717614	74470381	74470381	100	95.59	51233514	37426175	67.75	NA	NA	NA	NA	NA	NA	NA	NA	NA	NA	NA	NA	NA	NA	K562_DMSO_0_24_NONE_L3_50
K562_DMSO_0_24_NONE_L5_50	3.56938368284805e-05	93.5992208629291	0.003161694	2091724	55731221	100	100	0.159305678947892	55731221	57822945	57822945	100	95.68	39761855	29051540	67.89	NA	NA	NA	NA	NA	NA	NA	NA	NA	NA	NA	NA	NA	NA	K562_DMSO_0_24_NONE_L5_50
K562_rapamycin_0.156_24_NONE_L7_50	1.35584257989726e-05	93.2168285943928	0.003013431	2671748	66298837	100	100	0.17016588088868	66298837	68970585	68970585	100	95.31	41891189	34656175	76.52	NA	NA	NA	NA	NA	NA	NA	NA	NA	NA	NA	NA	NA	NA	K562_rapamycin_0.156_24_NONE_L7_50
K562_rapamycin_0.039_24_NONE_L9_50	2.88703417793759e-05	92.9291986386114	0.003017491	2659074	62623682	100	100	0.184819857765629	62623682	65282756	65282756	100	95.12	40582833	32804589	74.59	NA	NA	NA	NA	NA	NA	NA	NA	NA	NA	NA	NA	NA	NA	K562_rapamycin_0.039_24_NONE_L9_50
K562_Deucravacitinib_20_24_NONE_M10_50	2.01405880178942e-05	92.3184802782396	0.003262445	6282043	136409656	100	100	0.211455705159171	136409656	142691699	142691699	100	94.67	143280521	71673488	45.93	NA	NA	NA	NA	NA	NA	NA	NA	NA	NA	NA	NA	NA	NA	K562_Deucravacitinib_20_24_NONE_M10_50
K562_GSK2982772_10_24_NONE_M12_50	3.31472416113732e-05	91.990775426694	0.002964199	10911878	222310400	100	100	0.230965802769461	222310400	233222278	233222278	100	93.67	136201150	117287727	78.52	NA	NA	NA	NA	NA	NA	NA	NA	NA	NA	NA	NA	NA	NA	K562_GSK2982772_10_24_NONE_M12_50
K562_GSK2982772_5_24_NONE_M14_50	3.20416852712874e-05	92.0151546438429	0.003043422	11240227	230805976	100	100	0.234063263595913	230805976	242046203	242046203	100	93.88	167007279	121734043	66.5	NA	NA	NA	NA	NA	NA	NA	NA	NA	NA	NA	NA	NA	NA	K562_GSK2982772_5_24_NONE_M14_50
K562_GSK2982772_2.5_24_NONE_M16_50	4.04940319538406e-05	92.8639451689362	0.003036238	4125418	96179767	100	100	0.198343171282584	96179767	100305185	100305185	100	95.16	73441688	50404276	63.34	NA	NA	NA	NA	NA	NA	NA	NA	NA	NA	NA	NA	NA	NA	K562_GSK2982772_2.5_24_NONE_M16_50
K562_DMSO_0_24_NONE_M18_50	3.16659737975678e-05	92.4042862367806	0.003112957	5921148	129413046	100	100	0.20652400067919	129413046	135334194	135334194	100	94.49	104812471	68015307	59.6	NA	NA	NA	NA	NA	NA	NA	NA	NA	NA	NA	NA	NA	NA	K562_DMSO_0_24_NONE_M18_50
K562_Deucravacitinib_0.312_24_NONE_M20_50	0.000135492595387074	92.8407014935828	0.00306258	4208297	98163730	100	100	0.182203752852505	98163730	102372027	102372027	100	94.77	72830207	51437393	65.16	NA	NA	NA	NA	NA	NA	NA	NA	NA	NA	NA	NA	NA	NA	K562_Deucravacitinib_0.312_24_NONE_M20_50
K562_Deucravacitinib_0.156_24_NONE_M22_50	6.53168177001957e-05	92.9755485911403	0.003049611	4413653	104343025	100	100	0.196668632139043	104343025	108756678	108756678	100	95.17	75861433	54651725	66.54	NA	NA	NA	NA	NA	NA	NA	NA	NA	NA	NA	NA	NA	NA	K562_Deucravacitinib_0.156_24_NONE_M22_50
K562_GSK2982772_0.0781_24_NONE_M24_50	3.54284466251695e-05	92.6072678230523	0.003115024	4693455	107509717	100	100	0.191255270442206	107509717	112203172	112203172	100	95.09	96915574	56418496	53.53	NA	NA	NA	NA	NA	NA	NA	NA	NA	NA	NA	NA	NA	NA	K562_GSK2982772_0.0781_24_NONE_M24_50
K562_cyclosporin_5_24_NONE_N11_50	7.12711520201934e-05	92.5868002898481	0.003192959	7149330	162224874	100	100	0.21509648390912	162224874	169374204	169374204	100	94.75	150496688	85135679	52.04	NA	NA	NA	NA	NA	NA	NA	NA	NA	NA	NA	NA	NA	NA	K562_cyclosporin_5_24_NONE_N11_50
K562_cyclosporin_1.25_24_NONE_N13_50	5.53505256538784e-05	92.8944497702555	0.00327393	5523380	133389212	100	100	0.189770219198836	133389212	138912592	138912592	100	94.93	127495129	69827937	50.53	NA	NA	NA	NA	NA	NA	NA	NA	NA	NA	NA	NA	NA	NA	K562_cyclosporin_1.25_24_NONE_N13_50
K562_cyclosporin_0.312_24_NONE_N15_50	2.4165341197702e-05	92.6939320418547	0.003159113	5307730	121767751	100	100	0.20209538073837	121767751	127075481	127075481	100	95.01	106510168	63856875	55.26	NA	NA	NA	NA	NA	NA	NA	NA	NA	NA	NA	NA	NA	NA	K562_cyclosporin_0.312_24_NONE_N15_50
K562_cyclosporin_0.0781_24_NONE_N17_50	1.97516343310267e-05	93.0557569152108	0.003112375	5140797	125133286	100	100	0.187352228566906	125133286	130274083	130274083	100	94.65	95734577	65488141	63.17	NA	NA	NA	NA	NA	NA	NA	NA	NA	NA	NA	NA	NA	NA	K562_cyclosporin_0.0781_24_NONE_N17_50
K562_rapamycin_5_24_NONE_N3_50	4.54456380035629e-05	92.0815743000919	0.003190909	9300311	195491394	100	100	0.229902192011583	195491394	204791705	204791705	100	94.47	172800419	102993874	54.5	NA	NA	NA	NA	NA	NA	NA	NA	NA	NA	NA	NA	NA	NA	K562_rapamycin_5_24_NONE_N3_50
K562_rapamycin_1.25_24_NONE_N5_50	6.1534239342962e-05	92.6622699016455	0.003248552	5728611	132165954	100	100	0.192477708744871	132165954	137894565	137894565	100	94.56	119392069	69315498	53.44	NA	NA	NA	NA	NA	NA	NA	NA	NA	NA	NA	NA	NA	NA	K562_rapamycin_1.25_24_NONE_N5_50
K562_rapamycin_0.156_24_NONE_N7_50	5.56839313237347e-05	93.050916954627	0.003351385	2299128	56440147	100	100	0.180022564434497	56440147	58739275	58739275	100	94.91	59569135	29504021	45.85	NA	NA	NA	NA	NA	NA	NA	NA	NA	NA	NA	NA	NA	NA	K562_rapamycin_0.156_24_NONE_N7_50
K562_cyclosporin_20_24_NONE_N9_50	0.000193025850804477	92.3518523324935	0.0031152	8094673	175070985	100	100	0.230689282978559	175070985	183165658	183165658	100	94.45	157052099	92051005	53.82	NA	NA	NA	NA	NA	NA	NA	NA	NA	NA	NA	NA	NA	NA	K562_cyclosporin_20_24_NONE_N9_50
K562_GSK2982772_20_24_NONE_O10_50	3.10019985438361e-05	92.4417661535768	0.00310496	6745330	147549089	100	100	0.216127393372114	147549089	154294419	154294419	100	94.58	114150997	77564600	62.36	NA	NA	NA	NA	NA	NA	NA	NA	NA	NA	NA	NA	NA	NA	K562_GSK2982772_20_24_NONE_O10_50
K562_GSK2982772_10_24_NONE_O12_50	3.01297250376358e-05	92.7439298412841	0.002946052	3326916	75498700	100	100	0.196757030253501	75498700	78825616	78825616	100	94.49	44821160	39606873	81.37	NA	NA	NA	NA	NA	NA	NA	NA	NA	NA	NA	NA	NA	NA	K562_GSK2982772_10_24_NONE_O12_50
K562_GSK2982772_5_24_NONE_O14_50	2.61665789837065e-05	92.6293396711201	0.00310027	2772519	61552776	100	100	0.206692546246818	61552776	64325295	64325295	100	94.62	38166758	32316737	77.9	NA	NA	NA	NA	NA	NA	NA	NA	NA	NA	NA	NA	NA	NA	K562_GSK2982772_5_24_NONE_O14_50
K562_DMSO_0_24_NONE_O16_50	4.40979466902392e-05	92.4740380365725	0.003179864	5784571	128341552	100	100	0.202061605114453	128341552	134126123	134126123	100	94.63	111810317	67413855	55.41	NA	NA	NA	NA	NA	NA	NA	NA	NA	NA	NA	NA	NA	NA	K562_DMSO_0_24_NONE_O16_50
K562_Deucravacitinib_0.625_24_NONE_O18_50	3.70948991916968e-05	92.5442719624349	0.002961609	3858593	85535400	100	100	0.194141840688183	85535400	89393993	89393993	100	94.13	55940929	44923358	73.79	NA	NA	NA	NA	NA	NA	NA	NA	NA	NA	NA	NA	NA	NA	K562_Deucravacitinib_0.625_24_NONE_O18_50
K562_Deucravacitinib_0.312_24_NONE_O20_50	3.29482370839822e-05	92.7697309498987	0.002900628	2437596	55376283	100	100	0.194801807120207	55376283	57813879	57813879	100	94.48	32314746	29042069	82.84	NA	NA	NA	NA	NA	NA	NA	NA	NA	NA	NA	NA	NA	NA	K562_Deucravacitinib_0.312_24_NONE_O20_50
K562_GSK2982772_0.156_24_NONE_O22_50	2.72746406300927e-05	92.6070854118974	0.002930868	3423602	75790339	100	100	0.204214682296117	75790339	79213941	79213941	100	94.26	44828207	39801320	81.64	NA	NA	NA	NA	NA	NA	NA	NA	NA	NA	NA	NA	NA	NA	K562_GSK2982772_0.156_24_NONE_O22_50
K562_GSK2982772_0.0781_24_NONE_O24_50	3.24098729312005e-05	92.3869852305653	0.003004742	3486022	76174982	100	100	0.196374184899709	76174982	79661004	79661004	100	94.44	55690141	40054094	65.98	NA	NA	NA	NA	NA	NA	NA	NA	NA	NA	NA	NA	NA	NA	K562_GSK2982772_0.0781_24_NONE_O24_50
K562_rapamycin_20_24_NONE_P1_50	8.06776564575069e-05	90.3125472538181	0.002662606	6497148	104922420	100	100	0.305871709783286	104922420	111419568	111419568	100	91.6	68131163	56010547	73.71	NA	NA	NA	NA	NA	NA	NA	NA	NA	NA	NA	NA	NA	NA	K562_rapamycin_20_24_NONE_P1_50
K562_cyclosporin_5_24_NONE_P11_50	3.01087721546367e-05	93.2106737703535	0.002911737	3011201	74598076	100	100	0.174038000658355	74598076	77609277	77609277	100	95.31	45728952	38994374	78.9	NA	NA	NA	NA	NA	NA	NA	NA	NA	NA	NA	NA	NA	NA	K562_cyclosporin_5_24_NONE_P11_50
K562_cyclosporin_1.25_24_NONE_P13_50	3.71078061693726e-05	93.0814197522436	0.002981272	3293097	79251136	100	100	0.187538005764359	79251136	82544233	82544233	100	95.07	48120075	41478899	79.62	NA	NA	NA	NA	NA	NA	NA	NA	NA	NA	NA	NA	NA	NA	K562_cyclosporin_1.25_24_NONE_P13_50
K562_cyclosporin_0.312_24_NONE_P15_50	0.00106740099961593	90.9196971417082	0.003162138	9339296	156840866	100	100	0.416224429671282	156840866	166180162	166180162	100	94.47	136193839	83560173	55.59	NA	NA	NA	NA	NA	NA	NA	NA	NA	NA	NA	NA	NA	NA	K562_cyclosporin_0.312_24_NONE_P15_50
K562_cyclosporin_0.039_24_NONE_P17_50	0.000116321637907535	93.5189472201326	0.003524557	2340914	61112959	100	100	0.163536509498746	61112959	63453873	63453873	100	95.59	39540247	31878574	74.85	NA	NA	NA	NA	NA	NA	NA	NA	NA	NA	NA	NA	NA	NA	K562_cyclosporin_0.039_24_NONE_P17_50
K562_rapamycin_5_24_NONE_P3_50	2.63394965609105e-05	93.000192225762	0.003006914	3283812	77969605	100	100	0.192940569597602	77969605	81253417	81253417	100	95.37	50025121	40837307	75.34	NA	NA	NA	NA	NA	NA	NA	NA	NA	NA	NA	NA	NA	NA	K562_rapamycin_5_24_NONE_P3_50
K562_rapamycin_1.25_24_NONE_P5_50	2.59745297224812e-05	92.9110000414744	0.002955607	3328826	78191403	100	100	0.187066601170975	78191403	81520229	81520229	100	95.17	45466453	40973502	83.06	NA	NA	NA	NA	NA	NA	NA	NA	NA	NA	NA	NA	NA	NA	K562_rapamycin_1.25_24_NONE_P5_50
K562_cyclosporin_20_24_NONE_P9_50	9.22479638798792e-06	93.3358091518382	0.002882607	2948365	73750849	100	100	0.185420238348714	73750849	76699214	76699214	100	95.35	44377582	38529477	80.47	NA	NA	NA	NA	NA	NA	NA	NA	NA	NA	NA	NA	NA	NA	K562_cyclosporin_20_24_NONE_P9_50
